{"cameraMode":{"drawMode":0,"name":"Shaded","section":"Shading Mode"},"sceneLighting":true,"audioPlay":false,"sceneViewState":{"showFog":true,"showMaterialUpdate":false,"showSkybox":true,"showFlares":true,"showImageEffects":true,"showParticleSystems":true},"in2DMode":false,"pivot":{"x":-3.265109062194824,"y":5.6592936515808109,"z":-1.3990213871002198},"rotation":{"x":0.0043167732656002049,"y":0.733788251876831,"z":0.00580805167555809,"w":-0.6797634363174439},"size":15.699348449707032,"orthographic":false}