{"cameraMode":{"drawMode":0,"name":"Shaded","section":"Shading Mode"},"sceneLighting":false,"audioPlay":false,"sceneViewState":{"showFog":true,"showMaterialUpdate":false,"showSkybox":false,"showFlares":true,"showImageEffects":true,"showParticleSystems":true},"in2DMode":false,"pivot":{"x":-12.39453125,"y":1.801741361618042,"z":10.401543617248536},"rotation":{"x":-0.09539014101028443,"y":0.6730632185935974,"z":-0.08682801574468613,"w":-0.7286646962165833},"size":1.865535020828247,"orthographic":false}