{"cameraMode":{"drawMode":0,"name":"Shaded","section":"Shading Mode"},"sceneLighting":true,"audioPlay":false,"sceneViewState":{"showFog":true,"showMaterialUpdate":false,"showSkybox":true,"showFlares":true,"showImageEffects":true,"showParticleSystems":true},"in2DMode":false,"pivot":{"x":169.41600036621095,"y":53.01543426513672,"z":-60.556312561035159},"rotation":{"x":-0.037799373269081119,"y":0.05860811099410057,"z":-0.0012854060623794795,"w":-0.9978703260421753},"size":29.6268367767334,"orthographic":false}