{"cameraMode":{"drawMode":0,"name":"Shaded","section":"Shading Mode"},"sceneLighting":true,"audioPlay":false,"sceneViewState":{"showFog":true,"showMaterialUpdate":false,"showSkybox":true,"showFlares":true,"showImageEffects":true,"showParticleSystems":true},"in2DMode":false,"pivot":{"x":-12.84330940246582,"y":0.1815032958984375,"z":21.463409423828126},"rotation":{"x":-0.1337440311908722,"y":0.2458522766828537,"z":-0.033674947917461398,"w":-0.9598323106765747},"size":11.405572891235352,"orthographic":false}